2024-12-16 21:21:31,Vivado Synthesis Defaults__Vivado Implementation Defaults,execution,start
2024-12-16 21:21:32,Vivado Synthesis Defaults__Vivado Implementation Defaults,open project,start
2024-12-16 21:21:53,Vivado Synthesis Defaults__Vivado Implementation Defaults,execution,start
2024-12-16 21:21:53,Vivado Synthesis Defaults__Vivado Implementation Defaults,open project,start
2024-12-16 21:22:05,Vivado Synthesis Defaults__Vivado Implementation Defaults,open project,finish
2024-12-16 21:22:05,Vivado Synthesis Defaults__Vivado Implementation Defaults,run synthesis,start
2024-12-16 21:23:00,Vivado Synthesis Defaults__Vivado Implementation Defaults,run synthesis,finish
2024-12-16 21:23:00,Vivado Synthesis Defaults__Vivado Implementation Defaults,run implementation,start
2024-12-16 21:26:27,Vivado Synthesis Defaults__Vivado Implementation Defaults,run implementation,finish
2024-12-16 21:26:27,Vivado Synthesis Defaults__Vivado Implementation Defaults,execution,finish
